{
  "total_votos": 73,
  "votos_sucesso": 73,
  "votos_erro": 194,
  "timestamp": "2025-08-31T02:04:54.216516",
  "tempo_execucao": 48.363096475601196,
  "lote_atual": 2,
  "votos_este_lote": 0
}