{
  "total_votos": 73,
  "votos_sucesso": 73,
  "votos_erro": 194,
  "timestamp": "2025-08-31T01:16:37.119969",
  "tempo_execucao": 48.363096475601196,
  "lote_atual": 2,
  "votos_este_lote": 0
}